{"_id":{"$oid":"5e1e05691d57ba354b431d24"},"nom":"Tiramisu (recette originale)","difficulte":"Facile","tempspreparation":"15 mn","tempscuisson":"0","instructions":"Etape 1\nSéparer les blancs des jaunes d'oeufs.\n\nEtape 2\nMélanger les jaunes avec le sucre roux et le sucre vanillé.\n\nEtape 3\nAjouter le mascarpone au fouet.\n\nEtape 4\nMonter les blancs en neige et les incorporer délicatement à la spatule au mélange précédent. Réserver.\n\nEtape 5\nMouiller les biscuits dans le café rapidement avant d'en tapisser le fond du plat.\n\nEtape 6\nRecouvrir d'une couche de crème au mascarpone puis répéter l'opération en alternant couche de biscuits et couche de crème en terminant par cette dernière.\n\nEtape 7\nSaupoudrer de cacao.\n\nEtape 8\nMettre au réfrigérateur 4 heures minimum puis déguster frais.\n\nNote de l'auteur\nIl existe de nombreuses recettes de tiramisu. Celle-ci est la recette originale (ou en tous les cas, l'une des recettes pouvant prétendre l'être!).","createdAt":{"$date":"2020-01-14T18:16:09.748Z"},"updatedAt":{"$date":"2020-02-05T19:01:43.329Z"},"__v":0,"internaute":{"$oid":"5e1e01821d57ba354b431d23"},"user":{"$oid":"5e28864fc2a4b50f06b95824"},"favoris":"Oui","image":"http://localhost:1337/uploads/b69c9b5e39ca4c7ba7a1a4289238f015.jpg","nbpartage":"250","nbpersonnes":"5","nbvue":"30 000","visibilite":"Public","commentaires":[{"user":"5e286c70193f7c0929347537","contenu":"Je n'ai mixé que le porc. Les autres ingrédients ont été émincés finement ou râpés pour la carotte. Ma fille qui n'aime pas les nems industriels les a adorés ! A refaire encore et encore !","createdAt":"2020-01-22T15:38:24.351Z","updatedAt":"2020-01-22T15:38:24.389Z"},{"user":"5e286c70193f7c0929347537","contenu":"Très bonne recette ! Pour des nems végétaliens : Remplacer la viande par du tofu fumé + shiitakés + champignons noirs. Remplacer le Nuoc man par du tamari + algue séchée. Remplacer les œufs par de la fleur de maïs, ou de la farine de riz ou de tapioca en très petite quantité (ça permet de garder la farce agglomérée comme avec les œufs).","createdAt":"2020-01-21T10:30:24.351Z","updatedAt":"2020-01-21T10:30:24.351Z"},{"user":"5e286c70193f7c0929347537","contenu":"Facile à faire et délicieux. A refaire !","createdAt":"2020-01-20T11:08:24.351Z","updatedAt":"2020-01-20T11:08:24.351Z"}],"file":"tiramisu.png","note":"4.9/5","tags":"Tiramisu, Dessert","avis":"5030"}
{"_id":{"$oid":"5e1e09c11d57ba354b431d25"},"nom":"Boeuf bourguignon","difficulte":"Facile","tempspreparation":"1h","tempscuisson":"1h30","instructions":"Etape 1\nHacher les oignons. Peler l'ail.\nEtape 2\nDans une cocotte minute, faire roussir la viande et les lardons dans l’huile ou le beurre.\nEtape 3\nAjouter les oignons, les champignons égouttés et saupoudrer de fariner. Mélanger et laisser dorer un instant.\nEtape 4\nMouiller avec le vin rouge qui doit recouvrir la viande.\nEtape 5\nSaler et poivrer.\nEtape 6\nAjouter l’ail et le bouquet garni.\nEtape 7\nFermer la cocotte minute.\nEtape 8\nLaisser cuire doucement 60 min à partir de la mise en rotation de la soupape.","createdAt":{"$date":"2020-01-14T18:34:41.004Z"},"updatedAt":{"$date":"2020-02-05T19:01:59.592Z"},"__v":0,"internaute":{"$oid":"5e1e01821d57ba354b431d23"},"user":{"$oid":"5e28864fc2a4b50f06b95824"},"favoris":"Oui","image":"http://localhost:1337/uploads/3fc0bc421e254640863a0fe5c135bafe.jpg","nbpersonnes":"4","nbvue":"23 500","note":"4/5","visibilite":"Public","commentaires":[{"user":"5e286c70193f7c0929347537","contenu":"Je n'ai mixé que le porc. Les autres ingrédients ont été émincés finement ou râpés pour la carotte. Ma fille qui n'aime pas les nems industriels les a adorés ! A refaire encore et encore !","createdAt":"2020-01-22T15:38:24.351Z","updatedAt":"2020-01-22T15:38:24.389Z"},{"user":"5e286c70193f7c0929347537","contenu":"Très bonne recette ! Pour des nems végétaliens : Remplacer la viande par du tofu fumé + shiitakés + champignons noirs. Remplacer le Nuoc man par du tamari + algue séchée. Remplacer les œufs par de la fleur de maïs, ou de la farine de riz ou de tapioca en très petite quantité (ça permet de garder la farce agglomérée comme avec les œufs).","createdAt":"2020-01-21T10:30:24.351Z","updatedAt":"2020-01-21T10:30:24.351Z"},{"user":"5e286c70193f7c0929347537","contenu":"Facile à faire et délicieux. A refaire !","createdAt":"2020-01-20T11:08:24.351Z","updatedAt":"2020-01-20T11:08:24.351Z"}],"file":"boeuf-bourguignon.jpg","tags":"Plat, Chaud, Viande","avis":"3037"}
{"_id":{"$oid":"5e3994e150c1f40d700ef8de"},"ingredients":"250 g de porc hâché (le filet mignon c'est vraiment bon), 1 oignon blanc, 1 carotte, 6 champignons parfumés chinois (pas des champignons noirs), 1 poignée de vermicelles de riz (cheveux d'ange), 1 poignée de germes de soja, 3 oeufs, 2 gousses d'ail, Galette de riz vietnamiennes (les grandes), cuillères à soupe de nuoc mam, Poivre","instructions":"Etape 1\nPréparation de la farce : Faites tremper les champignons parfumés dans de l'eau froide pendant 1 h (l'odeur peut vous paraître un peu forte mais ils donnent un goût extra à la farce).\n\nEtape 2\nFaites tremper les vermicelles dans de l'eau froide pendant 10 min.\n\nEtape 3\nMixez et mélangez le porc, l'oignon, la carotte, les champigons, les vermicelles, les germes de soja et les oeufs. Rajoutez un peu de poivre et le nuoc mam pour l'assaisonnement.\n\nEtape 4\nPour rouler les nems : Trempez une galette de riz dans l'eau et étalez-la sur un chiffon en coton. Laissez ramollir pendant 30 secondes. (si elle n'est pas assez molle, vous pouvez l'humidifier de quelques gouttes d'eau supplémentaires).\n\nEtape 5\nDéposez une cuillère à soupe de farce sur un bord et rouler la galette. Secret de grand mère : il ne faut pas trop serrer le nem sinon il éclate lors de la cuisson).\n\nEtape 6\nGardez les nems, séparés les uns des autres, sur un chiffon car ils sont très collants à ce stade !\n\nEtape 7\nLa cuisson : Faites frire à feu moyen jusqu'à ce qu'ils soient bien dorés. Vous pouvez ajouter deux gousses d'ail dans l'huile de friture, ça donne un parfum très doux aux nems.\n\nEtape 8\nEt voila, le tour est joué ! Servez les nems avec des feuilles de salade, de menthe et de coriandre. On peux tremper les nems dans de la sauce pour nems : mélange de nuoc mam, d'eau, de jus de citron et de purée de piments.","difficulte":"Moyen","favoris":"Oui","cout":"30 €","nom":"Les nems de ma grand mère","nbvue":"25 000","note":"4.8/5","nbpersonnes":"5","tempscuisson":"20 min","tempspreparation":"1h25mn","nbpartage":"88","tags":"Entrée, Sans gluten, Raviolis, Nems","image":"https://assets.afcdn.com/recipe/20181017/82873_w600cxt0cyt0cxb3888cyb5184.jpg","visibilite":"Public","createdAt":{"$date":"2020-02-04T15:59:29.931Z"},"updatedAt":{"$date":"2020-02-06T04:13:31.036Z"},"__v":0,"ustensiles":"1 Saladier, 1 friteuse, 1 cuillère à soupe","user":{"$oid":"5e28864fc2a4b50f06b95824"},"commentaires":[{"user":"jerembl","contenu":"Je n'ai mixé que le porc. Les autres ingrédients ont été émincés finement ou râpés pour la carotte. Ma fille qui n'aime pas les nems industriels les a adorés ! A refaire encore et encore !","createdAt":"2020-01-22T15:38:24.351Z","updatedAt":"2020-01-22T15:38:24.389Z"},{"user":"alexis","contenu":"Très bonne recette ! Pour des nems végétaliens : Remplacer la viande par du tofu fumé + shiitakés + champignons noirs. Remplacer le Nuoc man par du tamari + algue séchée. Remplacer les œufs par de la fleur de maïs, ou de la farine de riz ou de tapioca en très petite quantité (ça permet de garder la farce agglomérée comme avec les œufs).","createdAt":"2020-01-21T10:30:24.351Z","updatedAt":"2020-01-21T10:30:24.351Z"},{"user":"ouzinho","contenu":"Facile à faire et délicieux. A refaire !","createdAt":"2020-01-20T11:08:24.351Z","updatedAt":"2020-01-20T11:08:24.351Z"}],"nutritions":{"calories":"650 kcal","proteins":"45,3 g","fat":"30 g","carbs":"1,20 g","sugar":"0,5 g","salt":"1,1 g","saturates":"15 g","fibre":"0,2 g"},"calories":"650 kcal","carbs":"0,5 g","fat":"30 g","fibres":"0,2 g","file":"nems.jpg","proteins":"45,3 g","salt":"15 g","saturates":"1,20 g","sugar":"1,1 g","avis":"2020"}
{"_id":{"$oid":"5e39a48dd0dd5c159595d5b1"},"ingredients":"250 g de porc hâché (le filet mignon c'est vraiment bon), 1 oignon blanc, 1 carotte, 6 champignons parfumés chinois (pas des champignons noirs), 1 poignée de vermicelles de riz (cheveux d'ange), 1 poignée de germes de soja, 3 oeufs, 2 gousses d'ail, Galette de riz vietnamiennes (les grandes), cuillères à soupe de nuoc mam, Poivre","instructions":"Etape 1\nPréparation de la farce : Faites tremper les champignons parfumés dans de l'eau froide pendant 1 h (l'odeur peut vous paraître un peu forte mais ils donnent un goût extra à la farce).\n\nEtape 2\nFaites tremper les vermicelles dans de l'eau froide pendant 10 min.\n\nEtape 3\nMixez et mélangez le porc, l'oignon, la carotte, les champigons, les vermicelles, les germes de soja et les oeufs. Rajoutez un peu de poivre et le nuoc mam pour l'assaisonnement.\n\nEtape 4\nPour rouler les nems : Trempez une galette de riz dans l'eau et étalez-la sur un chiffon en coton. Laissez ramollir pendant 30 secondes. (si elle n'est pas assez molle, vous pouvez l'humidifier de quelques gouttes d'eau supplémentaires).\n\nEtape 5\nDéposez une cuillère à soupe de farce sur un bord et rouler la galette. Secret de grand mère : il ne faut pas trop serrer le nem sinon il éclate lors de la cuisson).\n\nEtape 6\nGardez les nems, séparés les uns des autres, sur un chiffon car ils sont très collants à ce stade !\n\nEtape 7\nLa cuisson : Faites frire à feu moyen jusqu'à ce qu'ils soient bien dorés. Vous pouvez ajouter deux gousses d'ail dans l'huile de friture, ça donne un parfum très doux aux nems.\n\nEtape 8\nEt voila, le tour est joué ! Servez les nems avec des feuilles de salade, de menthe et de coriandre. On peux tremper les nems dans de la sauce pour nems : mélange de nuoc mam, d'eau, de jus de citron et de purée de piments.","difficulte":"Moyen","favoris":"Oui","cout":"30 €","nom":"Rouleau de printemps express","nbvue":"25 000","note":"4.2/5","nbpersonnes":"5","tempscuisson":"20 min","tempspreparation":"1h25mn","nbpartage":"88","tags":"Entrée, Gluten, Bouchées, Nems","image":"https://assets.afcdn.com/recipe/20181017/82873_w600cxt0cyt0cxb3888cyb5184.jpg","visibilite":"Public","ustensiles":"1 Saladier, 1 friteuse, 1 cuillère à soupe","createdAt":{"$date":"2020-02-04T17:06:21.42Z"},"updatedAt":{"$date":"2020-02-05T19:02:29.017Z"},"__v":0,"user":{"$oid":"5e28864fc2a4b50f06b95824"},"file":"rouleaux.jpeg","avis":"1029"}
