{
  "connection": "default",
  "collectionName": "recettes",
  "info": {
    "name": "Recette"
  },
  "options": {
    "increments": true,
    "timestamps": true
  },
  "attributes": {
    "nom": {
      "type": "string",
      "required": true
    },
    "difficulte": {
      "type": "string"
    },
    "tempspreparation": {
      "type": "string"
    },
    "tempscuisson": {
      "type": "string"
    },
    "instructions": {
      "type": "richtext"
    },
    "images": {
      "collection": "file",
      "via": "related",
      "plugin": "upload",
      "required": false
    },
    "user": {
      "plugin": "users-permissions",
      "model": "user",
      "via": "recettes"
    },
    "tags": {
      "type": "string"
    },
    "note": {
      "type": "string",
      "default": "1.0/5"
    },
    "nbpersonnes": {
      "type": "string"
    },
    "videos": {
      "collection": "file",
      "via": "related",
      "plugin": "upload",
      "required": false
    },
    "nbvue": {
      "type": "string"
    },
    "nbpartage": {
      "type": "string"
    },
    "cout": {
      "type": "string"
    },
    "favoris": {
      "type": "string"
    },
    "visibilite": {
      "type": "string"
    },
    "datecreation": {
      "type": "string"
    },
    "datemodification": {
      "type": "string"
    },
    "image": {
      "type": "string"
    },
    "video": {
      "type": "string"
    },
    "ingredients": {
      "type": "richtext"
    },
    "ustensiles": {
      "type": "richtext"
    },
    "commentaires": {
      "type": "json"
    },
    "nutritions": {
      "type": "json"
    },
    "calories": {
      "type": "string"
    },
    "proteins": {
      "type": "string"
    },
    "fat": {
      "type": "string"
    },
    "saturates": {
      "type": "string"
    },
    "carbs": {
      "type": "string"
    },
    "sugar": {
      "type": "string"
    },
    "salt": {
      "type": "string"
    },
    "fibres": {
      "type": "string"
    },
    "file": {
      "type": "string"
    },
    "avis": {
      "type": "string"
    }
  }
}
