{
  "routes": [
    {
      "method": "GET",
      "path": "/recettes",
      "handler": "recette.find",
      "config": {
        "policies": []
      }
    },
    {
      "method": "GET",
      "path": "/recettes/count",
      "handler": "recette.count",
      "config": {
        "policies": []
      }
    },
    {
      "method": "GET",
      "path": "/recettes/:id",
      "handler": "recette.findOne",
      "config": {
        "policies": []
      }
    },
    {
      "method": "POST",
      "path": "/recettes",
      "handler": "recette.create",
      "config": {
        "policies": []
      }
    },
    {
      "method": "PUT",
      "path": "/recettes/:id",
      "handler": "recette.update",
      "config": {
        "policies": []
      }
    },
    {
      "method": "DELETE",
      "path": "/recettes/:id",
      "handler": "recette.delete",
      "config": {
        "policies": []
      }
    }
  ]
}
